year,winner,work,note
1918,Ernest Poole,His Family,"from memory, not in saved page [verify] (prize was called Novel through 1947)"
1919,Booth Tarkington,The Magnificent Ambersons,"from memory, not in saved page [verify]"
1920,No award,,"from memory, not in saved page [verify]"
1921,Edith Wharton,The Age of Innocence,"from memory, not in saved page [verify]"
1922,Booth Tarkington,Alice Adams,"from memory, not in saved page [verify]"
1923,Willa Cather,One of Ours,"from memory, not in saved page [verify]"
1924,Margaret Wilson,The Able McLaughlins,"from memory, not in saved page [verify]"
1925,Edna Ferber,So Big,"from memory, not in saved page [verify]"
1926,Sinclair Lewis,Arrowsmith,"from memory, not in saved page [verify] (Lewis declined)"
1927,Louis Bromfield,Early Autumn,"from memory, not in saved page [verify]"
1928,Thornton Wilder,The Bridge of San Luis Rey,"from memory, not in saved page [verify]"
1929,Julia Peterkin,Scarlet Sister Mary,"from memory, not in saved page [verify]"
1930,Oliver La Farge,Laughing Boy,"from memory, not in saved page [verify]"
1931,Margaret Ayer Barnes,Years of Grace,"from memory, not in saved page [verify]"
1932,Pearl S. Buck,The Good Earth,"from memory, not in saved page [verify]"
1933,T. S. Stribling,The Store,"from memory, not in saved page [verify]"
1934,Caroline Miller,Lamb in His Bosom,"from memory, not in saved page [verify]"
1935,Josephine Winslow Johnson,Now in November,"from memory, not in saved page [verify]"
1936,Harold L. Davis,Honey in the Horn,"from memory, not in saved page [verify]"
1937,Margaret Mitchell,Gone with the Wind,"from memory, not in saved page [verify]"
1938,John Phillips Marquand,The Late George Apley,"from memory, not in saved page [verify]"
1939,Marjorie Kinnan Rawlings,The Yearling,"from memory, not in saved page [verify]"
1940,John Steinbeck,The Grapes of Wrath,"from memory, not in saved page [verify]"
1941,No award,,"from memory, not in saved page [verify]"
1942,Ellen Glasgow,In This Our Life,"from memory, not in saved page [verify]"
1943,Upton Sinclair,Dragon's Teeth,"from memory, not in saved page [verify]"
1944,Martin Flavin,Journey in the Dark,"from memory, not in saved page [verify]"
1945,John Hersey,A Bell for Adano,"from memory, not in saved page [verify]"
1946,No award,,"from memory, not in saved page [verify]"
1947,Robert Penn Warren,All the King's Men,"from memory, not in saved page [verify]"
1948,James A. Michener,Tales of the South Pacific,
1949,James Gould Cozzens,Guard of Honor,
1950,A. B. Guthrie,The Way West,
1951,Conrad Richter,The Town,
1952,Herman Wouk,The Caine Mutiny,
1953,Ernest Hemingway,The Old Man and the Sea,
1954,No award,,year absent from saved pulitzer.org fiction page [verify]
1955,William Faulkner,A Fable,
1956,MacKinlay Kantor,Andersonville,
1957,No award,,year absent from saved pulitzer.org fiction page [verify]
1958,James Agee,A Death In The Family,
1959,Robert Lewis Taylor,The Travels of Jaimie McPheeters,
1960,Allen Drury,Advise and Consent,
1961,Harper Lee,To Kill A Mockingbird,
1962,Edwin O'Connor,The Edge of Sadness,
1963,William Faulkner,The Reivers,
1964,No award,,
1965,Shirley Ann Grau,The Keepers Of The House,
1966,Katherine Anne Porter,Collected Stories,
1967,Bernard Malamud,The Fixer,
1968,William Styron,The Confessions of Nat Turner,
1969,N. Scott Momaday,House Made of Dawn,
1970,Jean Stafford,Collected Stories,
1971,No award,,year absent from saved pulitzer.org fiction page [verify]
1972,Wallace Stegner,Angle of Repose,
1973,Eudora Welty,The Optimist's Daughter,
1974,No award,,year absent from saved pulitzer.org fiction page [verify]
1975,Michael Shaara,The Killer Angels,
1976,Saul Bellow,Humboldt's Gift,
1977,No award,,year absent from saved pulitzer.org fiction page [verify]
1978,James Alan McPherson,Elbow Room,
1979,John Cheever,The Stories of John Cheever,
1980,Norman Mailer,The Executioner's Song,
1981,John Kennedy Toole,A Confederacy of Dunces,
1982,John Updike,Rabbit Is Rich,
1983,Alice Walker,The Color Purple,
1984,William Kennedy,Ironweed,
1985,Alison Lurie,Foreign Affairs,
1986,Larry McMurtry,Lonesome Dove,
1987,Peter Taylor,A Summons to Memphis,
1988,Toni Morrison,Beloved,
1989,Anne Tyler,Breathing Lessons,
1990,Oscar Hijuelos,The Mambo Kings Play Songs of Love,
1991,John Updike,Rabbit At Rest,
1992,Jane Smiley,A Thousand Acres,
1993,Robert Olen Butler,A Good Scent from a Strange Mountain,
1994,E. Annie Proulx,The Shipping News,
1995,Carol Shields,The Stone Diaries,
1996,Richard Ford,Independence Day,
1997,Steven Millhauser,Martin Dressler: The Tale of an American Dreamer,
1998,Philip Roth,American Pastoral,
1999,Michael Cunningham,The Hours,
2000,Jhumpa Lahiri,Interpreter of Maladies,
2001,Michael Chabon,The Amazing Adventures of Kavalier & Clay,
2002,Richard Russo,Empire Falls,
2003,Jeffrey Eugenides,Middlesex,
2004,Edward P. Jones,The Known World,
2005,Marilynne Robinson,Gilead,
2006,Geraldine Brooks,March,
2007,Cormac McCarthy,The Road,
2008,Junot Diaz,The Brief Wondrous Life of Oscar Wao,
2009,Elizabeth Strout,Olive Kitteridge,"A collection of 13 short stories set in small-town Maine that packs a cumulative emotional wallop, bound together by polished prose and by Olive, the title character, blunt, flawed and fascinating."
2010,Paul Harding,Tinkers,"A powerful celebration of life in which a New England father and son, through suffering and joy, transcend their imprisoning lives and offer new ways of perceiving the world and mortality."
2011,Jennifer Egan,A Visit from the Goon Squad,"An inventive investigation of growing up and growing old in the digital age, displaying a big-hearted curiosity about cultural change at warp speed."
2012,No award,,
2013,Adam Johnson,The Orphan Master's Son,An exquisitely crafted novel that carries the reader on an adventuresome journey into the depths of totalitarian North Korea and into the most intimate spaces of the human heart.
2014,Donna Tartt,The Goldfinch,"A beautifully written coming-of-age novel with exquisitely drawn characters that follows a grieving boy's entanglement with a small famous painting that has eluded destruction, a book that stimulates the mind and touches the heart."
2015,Anthony Doerr,All the Light We Cannot See,"An imaginative and intricate novel inspired by the horrors of World War II and written in short, elegant chapters that explore human nature and the contradictory power of technology."
2016,Viet Thanh Nguyen,The Sympathizer,"A layered immigrant tale told in the wry, confessional voice of a ""man of two minds"" -- and two countries, Vietnam and the United States."
2017,Colson Whitehead,The Underground Railroad,For a smart melding of realism and allegory that combines the violence of slavery and the drama of escape in a myth that speaks to contemporary America.
2018,Andrew Sean Greer,Less,"A generous book, musical in its prose and expansive in its structure and range, about growing older and the essential nature of love."
2019,Richard Powers,The Overstory,An ingeniously structured narrative that branches and canopies like the trees at the core of the story whose wonder and connectivity echo those of the humans living amongst them.
2020,Colson Whitehead,The Nickel Boys,"A spare and devastating exploration of abuse at a reform school in Jim Crow-era Florida that is ultimately a powerful tale of human perseverance, dignity and redemption."
2021,Louise Erdrich,The Night Watchman,"A majestic, polyphonic novel about a community’s efforts to halt the proposed displacement and elimination of several Native American tribes in the 1950s, rendered with dexterity and imagination."
2022,Joshua Cohen,The Netanyahus: An Account of a Minor and Ultimately Even Negligible Episode in the History of a Very Famous Family,"A mordant, linguistically deft historical novel about the ambiguities of the Jewish-American experience, presenting ideas and disputes as volatile as its tightly-wound plot."
2023,Hernan Diaz; Barbara Kingsolver,Trust; Demon Copperhead,"A riveting novel set in a bygone America that explores family, wealth and ambition through linked narratives rendered in different literary styles, a complex examination of love and power in a country where capitalism is king. A masterful recasting of “David Copperfield,” narrated by an Appalachian boy whose wise, unwavering voice relates his encounters with poverty, addiction, institutional failures and moral collapse–and his efforts to conquer them."
2024,Jayne Anne Phillips,Night Watch,"A beautifully rendered novel set in West Virginia’s Trans-Allegheny Lunatic Asylum in the aftermath of the Civil War where a severely wounded Union veteran, a 12-year-old girl and her mother, long abused by a Confederate soldier, struggle to heal."
2025,Percival Everett,James,An accomplished reconsideration of “Huckleberry Finn” that gives agency to Jim to illustrate the absurdity of racial supremacy and provide a new take on the search for family and freedom.
2026,Daniel Kraus,Angel Down,"A breathless novel of World War I, a stylistic tour-de-force that blends such genres as allegory, magical realism and science fiction into a cohesive whole, told in a single sentence."
